joint,a,alpha,d,theta
joint1,0.08630000000000002,1.5707963267948966,0.0,0.0
joint2,0.19715,0.0,0.04315000000000001,0.0
joint3,0.35603136735967517,1.5707963267948966,0.0,0.0
joint4,0.11030000000000001,1.5707963267948966,0.0,0.0
joint5,0.15460000000000004,1.5707963267948966,0.055150000000000005,0.0
joint6,0.0,0.0,0.0,0.0
